{"name":"91773b34-d568-4be6-ab7f-ff0fd2b33581","id":"/providers/Microsoft.Flow/flows/91773b34-d568-4be6-ab7f-ff0fd2b33581","type":"Microsoft.Flow/flows","properties":{"apiId":"/providers/Microsoft.PowerApps/apis/shared_logicflows","displayName":"GitHubParadigmBItask","definition":{"metadata":{"workflowEntityId":null,"flowclientsuspensionreason":"None","flowclientsuspensiontime":null,"creator":{"id":"37fe3728-a660-4b25-9f7b-dae47ceec4fe","type":"User","tenantId":"df563d5b-019f-4935-88a5-be2eba368f13"},"provisioningMethod":"FromDefinition","failureAlertSubscription":true,"clientLastModifiedTime":"2020-08-03T04:28:35.1482921Z"},"$schema":"https://schema.management.azure.com/providers/Microsoft.Logic/schemas/2016-06-01/workflowdefinition.json#","contentVersion":"1.0.0.0","parameters":{"$authentication":{"defaultValue":{},"type":"SecureObject"}},"triggers":{"manual":{"type":"Request","kind":"Http","inputs":{"schema":{"type":"object","properties":{"assign":{"type":"string"},"task":{"type":"string"},"taskdescription":{"type":"string"},"startdate":{"type":"string"},"duedate":{"type":"string"},"categoryid":{"type":"string"},"username":{"type":"string"}}}}}},"actions":{"Response":{"runAfter":{},"type":"Response","kind":"Http","inputs":{"statusCode":200,"body":{"confirm":"ok"},"schema":{"type":"object","properties":{"confirm":{"type":"string"}}}}}},"outputs":{}},"connectionReferences":{},"flowFailureAlertSubscribed":false}}